k__Fungi;p__Ascomycota;c__Eurotiomycetes;o__Chaetothyriales;f__Herpotrichiellaceae;g__Capronia;s__Capronia_villosa|SH030540.07FU,"[['Q158H', 2.0], ['BH111', 4.0], ['BL107', 1.0], ['O151H', 1.0]]"
k__Fungi;p__Basidiomycota;c__Agaricomycetes;o__Agaricales;f__Hygrophoraceae;g__Camarophyllus;s__Camarophyllus_griseorufescens|SH487422.07FU,"[['AZ117F', 76.0]]"
k__Bacteria;p__Proteobacteria;c__Alphaproteobacteria;o__Rickettsiales;f__Anaplasmataceae,"[['HAN', 6.67e-05], ['CH', 6.67e-05], ['LV', 0.000133333], ['MGK', 6.67e-05]]"
k__Bacteria;p__Proteobacteria;c__Gammaproteobacteria;o__Legionellales;f__Coxiellaceae,"[['KWH', 0.000333333], ['HOR', 0.002866667], ['TKT', 0.000533333], ['RES', 0.0058], ['WN', 0.002733333], ['KH', 0.0006], ['OAK', 0.0024], ['PAW', 0.001533333], ['AG', 0.0066], ['DRY', 0.000133333], ['AKMW', 0.000866667], ['MWF', 0.0014], ['PUH', 0.009066667], ['OHP', 0.000266667], ['AKWK', 0.000466667], ['AKOK', 0.005533333], ['WKNK', 0.001533333], ['BOR', 0.005], ['DC', 0.007333333], ['MA', 0.003], ['EM', 0.0026], ['HAN', 0.0014], ['TS', 0.001066667], ['WP', 0.000866667], ['HKH', 0.0044], ['PCK', 0.006266667], ['KAU', 0.007], ['WGR', 0.0024], ['EU', 0.0018], ['WS', 0.003], ['WGPOR', 0.005866667], ['OAG', 0.000133333], ['KN', 0.001133333], ['ML', 0.0014], ['MRP', 0.001333333], ['WGMAN', 0.002333333], ['OTH', 0.0044], ['DUD', 0.002266667], ['WB', 0.000866667], ['WPR', 0.0006], ['WAI', 0.0022], ['TSRM', 0.004933333], ['PB', 0.0016], ['WHB', 0.0026], ['WKOKU', 0.006533333], ['RUA', 0.002533333], ['TRU', 0.013266667], ['NKU', 0.004], ['BAL', 6.67e-05], ['OMW', 0.000266667], ['HW', 0.007066667], ['OAL', 0.000866667], ['TSH', 0.000666667], ['OB', 0.000733333], ['MTR', 0.008866667], ['PU', 0.0104], ['HBMAN', 0.001066667], ['TRC', 0.0012], ['TUK', 0.000466667], ['WMR', 0.000866667], ['KOW', 0.0002], ['OP', 0.001266667], ['WMU', 0.004733333], ['M', 0.001133333], ['VU', 0.0034], ['MTU', 0.000333333], ['ASH', 0.000133333], ['TP', 0.000466667], ['EAL', 0.0008], ['HUT', 0.001866667], ['LU', 0.000533333], ['HER', 0.001533333], ['MKU', 0.002466667], ['CH', 0.002533333], ['BOG', 0.000866667], ['HBPOR', 0.020666667], ['AWD', 0.004133333], ['HBMNR', 0.0002], ['OAM', 0.0024], ['TIR', 0.001], ['KRK', 0.000866667], ['WKWK', 0.006333333], ['LG', 0.002666667], ['AKWH', 0.002266667], ['OMR', 0.001133333], ['ORO', 0.000733333], ['KT', 0.0032], ['OTN', 0.0016], ['EL', 0.001333333], ['SH', 0.001933333], ['SPR', 0.0002], ['WKR', 0.000866667], ['PIR', 0.0026], ['HRWG', 0.000333333], ['JLW', 0.004], ['WGWG', 0.0028], ['TRP', 0.001], ['OPU', 0.000466667], ['SY', 0.000533333], ['MNR', 0.0092], ['RHP', 0.003666667], ['KP', 0.000133333], ['SEL', 0.000733333], ['HRN', 0.003333333], ['KKP', 0.002466667], ['SP', 0.001066667], ['CL', 0.000133333], ['ABT', 6.67e-05], ['AWN', 0.0008], ['MNK', 0.0038], ['D', 0.004733333], ['TRB', 0.002533333], ['O', 0.003133333], ['IRC', 0.000333333], ['MGP', 0.000333333], ['LV', 0.0024], ['PRN', 0.0012], ['ART', 0.0022], ['RED', 0.0016], ['JLB', 0.002866667], ['WKN', 0.0014], ['OTR', 0.0034], ['PP', 0.000333333], ['AU', 0.005333333], ['AR', 0.002533333], ['TR', 0.003266667], ['PKW', 0.004866667], ['OR', 0.003066667], ['MB', 0.000533333], ['OT', 0.000466667], ['JLH', 0.003533333], ['FRK', 6.67e-05], ['TIW', 0.001466667], ['TAS', 0.000733333], ['MKD', 0.0034], ['AW', 0.002133333], ['WTT', 0.002266667], ['DCB', 0.0038], ['HTM', 0.002], ['SKL', 0.000133333], ['WKMTA', 0.009133333], ['MNT', 0.003466667], ['KAR', 0.0086], ['PHN', 0.002], ['PRS', 0.000666667], ['ANI', 0.000733333], ['PHE', 0.0022], ['CS', 0.0014], ['BSH', 0.000133333], ['MH', 0.0034], ['AKR', 0.000333333], ['MGK', 0.003666667], ['BR', 0.0014], ['BC', 0.006], ['DCP', 0.001666667], ['AKNK', 0.002333333], ['MU', 0.002066667], ['CMD', 0.0006], ['TH', 0.000733333], ['ARM', 0.002133333], ['K', 0.000733333], ['TRK', 0.002533333], ['QLB', 0.0008], ['TRN', 0.001266667], ['HRMW', 0.0008], ['MTK', 0.001866667], ['HBMAK', 0.000866667], ['AKMK', 0.0024], ['GLN', 0.000333333], ['MWB', 0.000933333], ['AHR', 0.001933333], ['MSB', 0.004666667], ['ESK', 0.001], ['PH', 0.005266667], ['PGH', 0.000733333], ['AKWG', 0.002], ['LYL', 0.000866667], ['RH', 0.002066667], ['PHP', 0.000333333], ['WKK', 0.001733333], ['CB', 0.001733333], ['TKP', 0.001333333], ['HOK', 0.000533333], ['TNK', 0.0008]]"
k__Bacteria;p__Proteobacteria;c__Gammaproteobacteria;o__Legionellales;f__Francisellaceae,"[['HKH', 6.67e-05], ['TRU', 6.67e-05], ['SEL', 6.67e-05], ['TRB', 6.67e-05], ['AU', 6.67e-05], ['OR', 6.67e-05], ['TRN', 6.67e-05], ['AKWG', 6.67e-05]]"
k__Bacteria;p__Proteobacteria;c__Epsilonproteobacteria;o__Campylobacterales;f__,"[['AWN', 6.67e-05]]"
k__Bacteria;p__Proteobacteria;c__Epsilonproteobacteria;o__Campylobacterales;Other,"[['DC', 6.67e-05], ['WB', 6.67e-05], ['OT', 0.0004]]"
k__Bacteria;p__Proteobacteria;c__Epsilonproteobacteria;o__Campylobacterales;f__Helicobacteraceae,"[['OAK', 0.000133333], ['PUH', 6.67e-05], ['AKOK', 0.0006], ['OT', 0.0036], ['OTN', 0.003866667], ['DC', 0.0008], ['MA', 0.0002], ['EM', 0.000266667], ['EU', 0.000466667], ['MRP', 0.000133333], ['WB', 0.0002], ['NKU', 6.67e-05], ['OB', 6.67e-05], ['TRC', 6.67e-05], ['OP', 6.67e-05], ['AKWH', 0.0002], ['VU', 0.000533333], ['LU', 6.67e-05], ['HBMAN', 6.67e-05], ['CH', 6.67e-05], ['HBPOR', 0.000133333], ['KT', 0.000333333], ['WKWK', 6.67e-05], ['EL', 0.000466667], ['SH', 0.0004], ['WKR', 6.67e-05], ['WS', 0.000133333], ['SY', 6.67e-05], ['KKP', 0.000133333], ['SP', 6.67e-05], ['MNK', 0.000133333], ['D', 0.000333333], ['TRB', 6.67e-05], ['O', 6.67e-05], ['TKP', 6.67e-05], ['LV', 0.0002], ['ART', 0.000466667], ['OTR', 6.67e-05], ['AU', 0.000266667], ['MSB', 0.0002], ['PKW', 0.000533333], ['TIW', 0.000866667], ['TR', 6.67e-05], ['TSRM', 6.67e-05], ['MGK', 0.0002], ['DCP', 0.0002], ['RH', 0.000266667], ['ARM', 0.0002], ['ML', 6.67e-05], ['TRN', 0.001066667], ['MTK', 0.000666667], ['OR', 0.000466667], ['AKWG', 6.67e-05], ['WKK', 6.67e-05], ['MNR', 6.67e-05]]"
k__Bacteria;p__Proteobacteria;c__Epsilonproteobacteria;o__Campylobacterales;f__Campylobacteraceae,"[['OAK', 0.000333333], ['PUH', 6.67e-05], ['AKOK', 0.000533333], ['DC', 6.67e-05], ['MA', 0.000133333], ['EM', 0.002], ['HAN', 6.67e-05], ['HKH', 6.67e-05], ['EU', 0.000133333], ['WB', 0.0024], ['PB', 0.000133333], ['TSH', 0.000466667], ['PU', 6.67e-05], ['KOW', 0.002], ['OP', 0.000666667], ['M', 0.0002], ['VU', 6.67e-05], ['CH', 0.000133333], ['LG', 0.001], ['AKWH', 0.000266667], ['KT', 0.001133333], ['OTN', 0.001], ['EL', 0.003466667], ['SH', 0.000133333], ['MNR', 6.67e-05], ['KKP', 0.0002], ['D', 0.0004], ['O', 0.000133333], ['MGP', 6.67e-05], ['LV', 0.000266667], ['ART', 0.000866667], ['OTR', 0.000333333], ['AU', 0.000133333], ['OR', 0.000133333], ['OT', 0.005666667], ['WTT', 0.000266667], ['DCB', 6.67e-05], ['PHN', 6.67e-05], ['MH', 6.67e-05], ['MGK', 0.000133333], ['DCP', 6.67e-05], ['AKNK', 0.000266667], ['MU', 0.001533333], ['CMD', 6.67e-05], ['ARM', 0.000133333], ['K', 6.67e-05], ['TRN', 0.000133333], ['MTK', 0.001933333], ['GLN', 6.67e-05], ['AKWG', 0.000333333], ['CB', 0.000866667]]"
k__Bacteria;p__Tenericutes;c__Mollicutes;o__Mycoplasmatales;f__Mycoplasmataceae,"[['WB', 6.67e-05], ['WKOKU', 6.67e-05], ['PU', 6.67e-05], ['AU', 6.67e-05], ['WKK', 6.67e-05]]"
k__Bacteria;p__Proteobacteria;c__Gammaproteobacteria;o__Pasteurellales;f__,"[['WN', 0.000133333], ['MRP', 6.67e-05], ['TRU', 6.67e-05], ['MTR', 6.67e-05], ['WMU', 6.67e-05], ['AWD', 0.000133333], ['PHN', 6.67e-05], ['PHE', 6.67e-05]]"
k__Bacteria;p__Proteobacteria;c__Gammaproteobacteria;o__Pasteurellales;f__Pasteurellaceae,"[['AG', 0.0018], ['HBMNR', 0.0002], ['TIR', 6.67e-05], ['PIR', 0.000133333], ['AHR', 0.000333333]]"
k__Fungi;p__Basidiomycota;c__Agaricomycetes;o__Hymenochaetales;f__Schizoporaceae;g__Xylodon;s__Xylodon_brevisetus,"[['Q158N', 4.0], ['AZ117N', 2.0], ['Q158H', 1.0], ['Q158F', 1.0]]"
k__Fungi;p__Ascomycota;c__Eurotiomycetes;o__Eurotiales;f__Trichocomaceae;g__Rasamsonia;s__Rasamsonia_brevistipitata|SH208853.07FU,"[['Q158N', 6.0], ['Q158H', 6.0], ['BH111', 1.0], ['DP56', 6.0]]"
k__Fungi;p__Ascomycota;c__Leotiomycetes;o__Helotiales;f__Sclerotiniaceae;g__Torrendiella;s__Torrendiella_brevisetosa|SH016010.07FU,"[['CL96', 3.0], ['AB144', 4.0], ['Q158F', 1.0], ['M152', 7.0], ['O151N', 114.0], ['AG136', 6.0]]"
k__Fungi;p__Basidiomycota;c__Agaricomycetes;o__Hymenochaetales;f__Schizoporaceae;g__Hyphodontia;s__Hyphodontia_breviseta|SH221543.07FU,"[['Q158H', 1.0]]"
k__Fungi;p__Ascomycota;c__Sordariomycetes;o__Hypocreales;f__Nectriaceae;g__Fusarium;s__Fusarium_ciliatum|SH022551.07FU,"[['CM51F', 2.0]]"
k__Fungi;p__Basidiomycota;c__Agaricomycetes;o__Gomphales;f__Gomphaceae;g__Phaeoclavulina;s__Phaeoclavulina_abietina|SH189280.07FU,"[['AZ117H', 2.0]]"
k__Fungi;p__Ascomycota;c__Leotiomycetes;o__Helotiales;f__Helotiaceae;g__Heyderia;s__Heyderia_abietis|SH002191.07FU,"[['BH111', 1.0]]"
k__Fungi;p__Basidiomycota;c__Agaricomycetes;o__Agaricales;f__Cortinariaceae;g__Phaeocollybia;s__Phaeocollybia_californica|SH182198.07FU,"[['BL107', 36.0], ['DP56', 42.0]]"
k__Bacteria;p__Proteobacteria;c__Betaproteobacteria;o__Burkholderiales;Other,"[['KWH', 0.0002], ['HOR', 0.000866667], ['TKT', 0.001333333], ['RES', 0.002133333], ['WN', 0.001733333], ['WC', 6.67e-05], ['OAK', 0.001], ['PAW', 0.000133333], ['AG', 0.0102], ['AKMW', 0.002533333], ['MWF', 0.004], ['PUH', 0.000266667], ['OHP', 0.000133333], ['AKWK', 0.0028], ['AKOK', 0.000866667], ['WKNK', 0.000266667], ['BOR', 0.000666667], ['DC', 0.002], ['MA', 0.001066667], ['EM', 0.000533333], ['HAN', 6.67e-05], ['TS', 0.000266667], ['WP', 0.0012], ['HKH', 0.002666667], ['PCK', 0.003266667], ['KAU', 0.002933333], ['WGR', 0.0022], ['EU', 0.000733333], ['WS', 0.001866667], ['WGPOR', 0.000466667], ['KN', 0.005066667], ['ML', 0.012533333], ['MRP', 0.010266667], ['MKM', 0.001333333], ['WGMAN', 0.0006], ['OTH', 0.000666667], ['CBWK', 0.000333333], ['DUD', 0.0002], ['WB', 0.0024], ['KTN', 0.014933333], ['WAI', 0.000666667], ['TSRM', 0.000733333], ['PB', 0.001666667], ['WHB', 0.003466667], ['PAH', 0.010466667], ['WKOKU', 0.004], ['RUA', 0.0006], ['TRU', 0.000266667], ['NKU', 0.001], ['BAL', 0.000533333], ['RG', 0.000133333], ['OMW', 0.001066667], ['HW', 0.0028], ['MD', 0.001], ['OAL', 0.002333333], ['TSH', 0.000533333], ['OB', 0.012666667], ['MTR', 0.002066667], ['PU', 0.001133333], ['HBMAN', 0.0008], ['TRC', 0.004], ['TUK', 0.0074], ['WMR', 6.67e-05], ['KOW', 0.0006], ['OP', 0.0024], ['WMU', 0.001666667], ['M', 0.000333333], ['VU', 0.000933333], ['MTU', 0.002866667], ['ASH', 6.67e-05], ['TP', 0.0058], ['EAL', 0.000266667], ['SR', 0.0086], ['HUT', 0.000333333], ['LU', 0.002666667], ['HER', 0.000533333], ['MKU', 0.005133333], ['CH', 0.000266667], ['BOG', 0.0002], ['HBPOR', 0.000866667], ['AWD', 0.000933333], ['HBMNR', 0.005666667], ['OAM', 0.0114], ['TIR', 0.000333333], ['KRK', 0.0018], ['WKWK', 0.0012], ['LG', 0.000866667], ['AKWH', 0.001533333], ['OMR', 0.000133333], ['ORO', 6.67e-05], ['KT', 0.001666667], ['OTN', 0.0104], ['EL', 0.001133333], ['SH', 0.000266667], ['SPR', 0.000133333], ['WKR', 0.003133333], ['MPT', 0.029266667], ['PIR', 0.004066667], ['JLW', 0.000533333], ['WGWG', 0.009133333], ['TRP', 0.002066667], ['OPU', 6.67e-05], ['SY', 0.001666667], ['MNR', 0.0002], ['RHP', 6.67e-05], ['KP', 0.001133333], ['SEL', 0.002266667], ['HRN', 0.002], ['KKP', 0.000733333], ['SP', 0.017933333], ['CL', 0.000466667], ['ABT', 0.000266667], ['STX', 6.67e-05], ['AWN', 0.001333333], ['MNK', 0.001666667], ['D', 0.000666667], ['TRB', 0.014333333], ['O', 0.0018], ['IRC', 0.000133333], ['MGP', 0.000733333], ['LV', 0.002866667], ['PRN', 0.000266667], ['ART', 0.001933333], ['HT', 0.0002], ['RED', 0.000333333], ['JLB', 0.000533333], ['WKN', 0.004466667], ['OTR', 0.002533333], ['PP', 0.000666667], ['AU', 0.000866667], ['AR', 0.005133333], ['TR', 6.67e-05], ['PKW', 0.003333333], ['OR', 0.000133333], ['TK', 0.000333333], ['MB', 0.0006], ['OT', 6.67e-05], ['JLH', 6.67e-05], ['FRK', 6.67e-05], ['TIW', 0.0004], ['MKD', 0.0004], ['AW', 0.001466667], ['WTT', 0.005333333], ['DCB', 0.0036], ['HTM', 0.009466667], ['WKMTA', 0.000533333], ['KAR', 0.000333333], ['PHN', 0.001733333], ['MWW', 0.000133333], ['PRS', 0.014466667], ['ANI', 0.002133333], ['PHE', 0.000533333], ['CS', 0.002266667], ['BSH', 0.000266667], ['MH', 0.001733333], ['AKR', 6.67e-05], ['MGK', 0.000533333], ['BC', 0.002466667], ['DCP', 0.001133333], ['AKNK', 0.002266667], ['MU', 0.000733333], ['CMD', 0.002333333], ['TH', 0.0102], ['ARM', 0.0016], ['K', 0.0014], ['TRK', 0.000733333], ['QLB', 6.67e-05], ['TRN', 0.001], ['HRMW', 0.000133333], ['MTK', 0.0036], ['HAL', 0.000133333], ['HBMAK', 0.000866667], ['AKMK', 0.002], ['GLN', 6.67e-05], ['MWB', 6.67e-05], ['AHR', 0.001333333], ['MSB', 0.0072], ['ESK', 0.039133333], ['PH', 0.001133333], ['PGH', 0.000466667], ['AKWG', 0.0008], ['MO', 0.0012], ['LYL', 0.001066667], ['RH', 0.001733333], ['PHP', 0.001333333], ['WKK', 0.0008], ['CB', 0.000733333], ['TKP', 0.001], ['HOK', 0.000266667], ['TNK', 0.000266667]]"
k__Bacteria;p__Proteobacteria;c__Betaproteobacteria;o__Burkholderiales;f__,"[['KWH', 0.000333333], ['HOR', 0.0096], ['TKT', 0.007666667], ['RES', 0.0024], ['WN', 0.0074], ['KH', 0.0008], ['WC', 0.000466667], ['OAK', 0.000933333], ['PAW', 0.000266667], ['AG', 0.018666667], ['DRY', 0.0002], ['AKMW', 0.0196], ['MWF', 0.001133333], ['PUH', 0.001266667], ['OHP', 0.0002], ['AKWK', 0.014933333], ['AKOK', 0.001933333], ['WKNK', 0.0026], ['BOR', 0.003066667], ['DC', 0.001933333], ['MA', 0.002333333], ['HRMAN', 6.67e-05], ['EM', 0.001666667], ['HAN', 0.001133333], ['TS', 0.0038], ['WP', 0.013933333], ['HKH', 0.002133333], ['PCK', 0.0058], ['KAU', 0.002066667], ['WGR', 0.002933333], ['EU', 0.001666667], ['WS', 0.004266667], ['WGPOR', 0.013666667], ['OAG', 0.002933333], ['KN', 0.015133333], ['ML', 0.0084], ['MRP', 0.0036], ['MKM', 0.0078], ['WGMAN', 0.009466667], ['OTH', 0.002533333], ['CBWK', 0.000133333], ['DUD', 0.001066667], ['WB', 0.003266667], ['WPR', 6.67e-05], ['KTN', 0.003266667], ['WAI', 0.007866667], ['TSRM', 0.003533333], ['PB', 0.0018], ['WHB', 0.017933333], ['PAH', 0.027866667], ['WKOKU', 0.007066667], ['RUA', 0.006], ['TRU', 6.67e-05], ['NKU', 0.001933333], ['BAL', 6.67e-05], ['RG', 0.000333333], ['OMW', 0.0082], ['HW', 0.022533333], ['MD', 0.012933333], ['OAL', 0.0128], ['TSH', 0.011733333], ['OB', 0.008], ['MTR', 0.001066667], ['PU', 0.001], ['HBMAN', 0.006066667], ['TRC', 0.011266667], ['TUK', 0.01], ['WMR', 0.0002], ['KOW', 0.0056], ['OP', 0.007], ['WMU', 0.001], ['M', 0.001133333], ['VU', 0.000866667], ['MTU', 0.023733333], ['TP', 0.0078], ['EAL', 0.000333333], ['SR', 0.010733333], ['HUT', 0.0022], ['LU', 0.006866667], ['HER', 0.002733333], ['MKU', 0.0298], ['CH', 0.003266667], ['BOG', 0.0004], ['HBPOR', 0.0024], ['AWD', 0.001266667], ['HBMNR', 0.001133333], ['OAM', 0.012066667], ['TIR', 0.0006], ['KRK', 0.002733333], ['WKWK', 0.002266667], ['LG', 0.0008], ['AKWH', 0.003133333], ['OMR', 0.0016], ['ORO', 6.67e-05], ['KT', 0.001266667], ['OTN', 0.001333333], ['EL', 0.0016], ['SH', 0.001733333], ['SPR', 0.0006], ['MUG', 0.000133333], ['WKR', 0.020533333], ['MPT', 0.0062], ['PIR', 0.019933333], ['JLW', 0.0024], ['WGWG', 0.0498], ['TRP', 0.004266667], ['SY', 0.0082], ['MNR', 0.0084], ['RHP', 0.000733333], ['KP', 0.000666667], ['SEL', 0.0032], ['HRN', 0.045466667], ['KKP', 0.001333333], ['SP', 0.007133333], ['CL', 6.67e-05], ['ABT', 0.000533333], ['STX', 0.000333333], ['AWN', 0.003], ['MNK', 0.000866667], ['D', 0.001333333], ['TRB', 0.020266667], ['O', 0.0012], ['MGP', 0.001733333], ['LV', 0.002466667], ['PRN', 6.67e-05], ['ART', 0.001333333], ['HT', 0.0008], ['RED', 0.001066667], ['JLB', 0.0004], ['WKN', 0.0104], ['OTR', 0.000866667], ['PP', 0.000466667], ['AU', 0.0014], ['AR', 0.011733333], ['TR', 0.001466667], ['PKW', 0.001733333], ['OR', 0.000933333], ['TK', 0.000866667], ['MB', 0.001466667], ['OT', 0.0004], ['JLH', 0.000133333], ['FRK', 0.000333333], ['TIW', 0.001333333], ['TAS', 6.67e-05], ['MKD', 0.009466667], ['AW', 0.061666667], ['WTT', 0.006466667], ['DCB', 0.0024], ['HTM', 0.028466667], ['SKL', 6.67e-05], ['WKMTA', 0.000666667], ['MNT', 0.0002], ['KAR', 0.0022], ['PHN', 0.003266667], ['MWW', 6.67e-05], ['PRS', 0.0034], ['ANI', 0.001], ['PHE', 0.002333333], ['CS', 0.0094], ['BSH', 0.0026], ['MH', 0.002933333], ['AKR', 6.67e-05], ['MGK', 0.0008], ['BR', 0.0016], ['BC', 0.008933333], ['DCP', 0.009933333], ['AKNK', 0.001133333], ['MU', 0.0012], ['CMD', 0.017133333], ['TH', 0.0006], ['ARM', 0.0024], ['K', 0.0014], ['TRK', 0.003266667], ['QLB', 0.0002], ['TRN', 0.001266667], ['HRMW', 0.000333333], ['MTK', 0.005066667], ['HBMAK', 0.005733333], ['RMW', 0.020666667], ['AKMK', 0.002466667], ['GLN', 0.000266667], ['MWB', 0.000133333], ['AHR', 0.0006], ['MSB', 0.000666667], ['ESK', 0.003466667], ['PH', 0.0026], ['PGH', 0.0028], ['AKWG', 0.0012], ['MO', 0.004466667], ['LYL', 0.000866667], ['RH', 0.002], ['PHP', 0.0046], ['WKK', 0.0028], ['CB', 0.001266667], ['TKP', 0.0012], ['HOK', 0.001533333], ['TNK', 0.000466667]]"
k__Bacteria;p__Proteobacteria;c__Betaproteobacteria;o__Burkholderiales;f__Alcaligenaceae,"[['HOR', 0.002666667], ['TKT', 0.000333333], ['RES', 0.002933333], ['WN', 0.000266667], ['KH', 6.67e-05], ['WC', 6.67e-05], ['OAK', 0.002266667], ['PAW', 0.003], ['AG', 0.0002], ['DRY', 6.67e-05], ['AKMW', 0.003333333], ['MWF', 0.0002], ['PUH', 0.005333333], ['OHP', 0.000333333], ['AKWK', 0.0018], ['AKOK', 0.0008], ['WKNK', 0.0008], ['BOR', 0.002533333], ['DC', 0.003], ['MA', 0.001333333], ['HRMAN', 0.000133333], ['EM', 0.001266667], ['HAN', 0.0008], ['WP', 0.0002], ['HKH', 0.002066667], ['PCK', 0.000466667], ['KAU', 0.0016], ['WGR', 0.0004], ['EU', 0.001], ['WS', 0.001866667], ['WGPOR', 0.0026], ['KN', 0.000733333], ['ML', 0.000133333], ['MRP', 0.0014], ['MKM', 0.0014], ['WGMAN', 0.000266667], ['OTH', 0.003266667], ['DUD', 0.001666667], ['WB', 0.000933333], ['WPR', 0.000133333], ['KTN', 0.000133333], ['WAI', 0.000866667], ['TSRM', 0.004266667], ['PB', 0.0016], ['WHB', 0.000533333], ['WKOKU', 0.0024], ['RUA', 0.000533333], ['TRU', 6.67e-05], ['NKU', 0.000666667], ['MWP', 0.0004], ['BAL', 0.000266667], ['RG', 0.000133333], ['OMW', 0.0022], ['HW', 0.001333333], ['TSH', 0.000266667], ['OB', 0.000866667], ['MTR', 0.001266667], ['PU', 0.0006], ['HBMAN', 0.001], ['TUK', 0.000533333], ['WMR', 0.000333333], ['OP', 0.000266667], ['WMU', 0.000133333], ['M', 0.0016], ['VU', 0.000466667], ['MTU', 0.000466667], ['ASH', 0.0006], ['TP', 6.67e-05], ['EAL', 6.67e-05], ['HUT', 6.67e-05], ['LU', 0.000533333], ['HER', 0.000333333], ['MKU', 0.000466667], ['CH', 0.001333333], ['BOG', 0.0008], ['HBPOR', 0.001533333], ['AWD', 0.0012], ['HBMNR', 6.67e-05], ['OAM', 0.000333333], ['TIR', 0.001333333], ['KRK', 6.67e-05], ['WKWK', 0.000733333], ['LG', 0.001066667], ['AKWH', 0.0008], ['OMR', 6.67e-05], ['KT', 0.0008], ['OTN', 0.000466667], ['EL', 0.001066667], ['SH', 0.001333333], ['SPR', 0.0004], ['MUG', 0.0002], ['WKR', 0.000133333], ['PIR', 6.67e-05], ['HRWG', 0.0002], ['JLW', 0.002666667], ['WGWG', 0.000133333], ['TRP', 0.000133333], ['OPU', 0.0002], ['SY', 0.001066667], ['MNR', 0.0006], ['RHP', 0.001], ['KP', 0.000133333], ['HRN', 0.0004], ['KKP', 0.000733333], ['SP', 0.000266667], ['CL', 6.67e-05], ['ABT', 0.0002], ['STX', 0.0002], ['AWN', 0.000866667], ['MNK', 0.000733333], ['D', 0.0028], ['TRB', 0.001], ['O', 0.000733333], ['MGP', 0.002733333], ['LV', 0.002866667], ['PRN', 0.000933333], ['ART', 0.000333333], ['HT', 6.67e-05], ['RED', 0.0006], ['JLB', 0.000333333], ['WKN', 0.000266667], ['OTR', 0.004], ['PP', 0.000133333], ['AU', 0.000333333], ['AR', 0.000133333], ['TR', 0.001], ['PKW', 0.0006], ['OR', 0.000866667], ['OT', 0.000133333], ['JLH', 0.001666667], ['TIW', 0.000133333], ['TAS', 0.000533333], ['MKD', 0.0006], ['AW', 0.000133333], ['WTT', 0.000533333], ['DCB', 0.001933333], ['HTM', 0.001266667], ['WKMTA', 0.008666667], ['MNT', 0.000333333], ['KAR', 0.004], ['PHN', 0.003933333], ['MWW', 0.000533333], ['PRS', 6.67e-05], ['ANI', 0.0004], ['CS', 0.001133333], ['BSH', 0.000666667], ['MH', 0.0022], ['AKR', 0.000266667], ['MGK', 0.003066667], ['BR', 0.000666667], ['BC', 0.0006], ['DCP', 0.0024], ['AKNK', 0.001866667], ['MU', 0.001933333], ['CMD', 0.001133333], ['TH', 0.0014], ['ARM', 0.000933333], ['K', 0.000466667], ['TRK', 0.000533333], ['TRN', 0.002133333], ['HRMW', 6.67e-05], ['MTK', 0.001533333], ['HBMAK', 0.0002], ['AKMK', 0.003933333], ['GLN', 6.67e-05], ['MWB', 0.000333333], ['AHR', 6.67e-05], ['MSB', 0.002866667], ['ESK', 0.002466667], ['PH', 0.0018], ['PGH', 0.000266667], ['AKWG', 0.0012], ['LYL', 0.000533333], ['RH', 0.0012], ['PHP', 0.0004], ['WKK', 6.67e-05], ['CB', 0.001066667], ['TKP', 0.001266667], ['HOK', 0.0004], ['TNK', 6.67e-05]]"
k__Bacteria;p__Proteobacteria;c__Betaproteobacteria;o__Burkholderiales;f__Burkholderiaceae,"[['RES', 0.000466667], ['KH', 0.0002], ['OAK', 0.0002], ['PAW', 6.67e-05], ['AKMW', 6.67e-05], ['PUH', 6.67e-05], ['AKOK', 0.0242], ['WKNK', 6.67e-05], ['BOR', 0.0002], ['DC', 0.000133333], ['MA', 0.0002], ['EM', 0.000466667], ['HAN', 6.67e-05], ['HKH', 0.0002], ['PCK', 0.0002], ['KAU', 0.0004], ['WGR', 6.67e-05], ['EU', 0.001666667], ['WS', 0.000133333], ['ML', 6.67e-05], ['MKM', 0.000133333], ['WGMAN', 0.000133333], ['OTH', 6.67e-05], ['WB', 0.000133333], ['TSRM', 0.0002], ['PB', 6.67e-05], ['WKOKU', 0.000533333], ['TRU', 0.000266667], ['NKU', 0.001133333], ['RG', 0.000133333], ['OB', 0.0002], ['MTR', 6.67e-05], ['WMR', 6.67e-05], ['OP', 0.000266667], ['WMU', 0.0002], ['VU', 0.000666667], ['EAL', 6.67e-05], ['LU', 0.000133333], ['HER', 0.000466667], ['MKU', 6.67e-05], ['AWD', 0.0008], ['WKWK', 0.000266667], ['LG', 6.67e-05], ['AKWH', 0.000266667], ['ORO', 6.67e-05], ['KT', 0.000133333], ['OTN', 0.000333333], ['EL', 6.67e-05], ['SH', 0.0006], ['SPR', 0.000133333], ['MUG', 6.67e-05], ['HRWG', 6.67e-05], ['JLW', 0.000133333], ['TRP', 0.000133333], ['OPU', 6.67e-05], ['KKP', 6.67e-05], ['MNK', 0.000133333], ['MGP', 0.000333333], ['PRN', 6.67e-05], ['ART', 6.67e-05], ['HT', 6.67e-05], ['RED', 6.67e-05], ['JLB', 0.002733333], ['TR', 0.000133333], ['OR', 0.0002], ['TK', 0.000133333], ['OT', 0.000333333], ['JLH', 0.0004], ['TIW', 0.000266667], ['TAS', 0.000133333], ['WTT', 0.0002], ['DCB', 6.67e-05], ['WKMTA', 6.67e-05], ['KAR', 6.67e-05], ['PHN', 0.001066667], ['ANI', 6.67e-05], ['PHE', 6.67e-05], ['CS', 6.67e-05], ['MH', 0.0002], ['MGK', 0.000133333], ['BC', 0.0008], ['DCP', 0.000133333], ['TH', 0.0002], ['K', 0.000133333], ['TRK', 0.000133333], ['TRN', 0.000533333], ['MTK', 0.0022], ['AKMK', 6.67e-05], ['AHR', 0.0006], ['MO', 0.0012], ['RH', 0.000266667], ['WKK', 6.67e-05], ['TKP', 6.67e-05], ['HOK', 0.0004]]"
k__Bacteria;p__Proteobacteria;c__Betaproteobacteria;o__Burkholderiales;f__Comamonadaceae,"[['KWH', 0.004], ['HOR', 0.025666667], ['TKT', 0.1246], ['RES', 0.030266667], ['WN', 0.0156], ['KH', 0.001066667], ['WC', 0.0008], ['OAK', 0.058533333], ['PAW', 0.008866667], ['AG', 0.029133333], ['DRY', 0.005066667], ['AKMW', 0.035466667], ['MWF', 0.023066667], ['PUH', 0.0458], ['OHP', 0.0148], ['AKWK', 0.038866667], ['AKOK', 0.029933333], ['WKNK', 0.078533333], ['BOR', 0.0272], ['DC', 0.064066667], ['MA', 0.054333333], ['HRMAN', 0.0014], ['EM', 0.055933333], ['HAN', 0.0074], ['TS', 0.063933333], ['WP', 0.059666667], ['HKH', 0.045666667], ['PCK', 0.047466667], ['KAU', 0.065466667], ['WGR', 0.015666667], ['EU', 0.0426], ['WS', 0.044266667], ['WGPOR', 0.0586], ['OAG', 0.005333333], ['KN', 0.057666667], ['ML', 0.055266667], ['MRP', 0.083866667], ['MKM', 0.012666667], ['WGMAN', 0.018266667], ['OTH', 0.046866667], ['CBWK', 0.006866667], ['DUD', 0.029533333], ['WB', 0.076733333], ['WPR', 0.0008], ['KTN', 0.028933333], ['WAI', 0.036133333], ['TSRM', 0.050866667], ['PB', 0.034533333], ['WHB', 0.029933333], ['PAH', 0.017933333], ['WKOKU', 0.043066667], ['RUA', 0.0172], ['TRU', 0.012466667], ['NKU', 0.022533333], ['MWP', 0.007333333], ['BAL', 0.028866667], ['RG', 0.0036], ['OMW', 0.054266667], ['HW', 0.059266667], ['MD', 0.0346], ['OAL', 0.043133333], ['TSH', 0.080266667], ['OB', 0.039066667], ['MTR', 0.0268], ['PU', 0.0366], ['HBMAN', 0.0744], ['TRC', 0.0546], ['TUK', 0.0558], ['WMR', 0.0096], ['KOW', 0.4606], ['OP', 0.066066667], ['WMU', 0.007333333], ['M', 0.0512], ['VU', 0.057533333], ['MTU', 0.0198], ['ASH', 0.002466667], ['TP', 0.007866667], ['EAL', 0.002066667], ['SR', 0.012866667], ['HUT', 0.055933333], ['LU', 0.049866667], ['HER', 0.043133333], ['MKU', 0.023], ['CH', 0.0842], ['BOG', 0.019466667], ['HBPOR', 0.013866667], ['AWD', 0.040133333], ['HBMNR', 0.050866667], ['OAM', 0.0518], ['TIR', 0.014133333], ['KRK', 0.024266667], ['WKWK', 0.051733333], ['LG', 0.0556], ['AKWH', 0.041466667], ['OMR', 0.006866667], ['ORO', 0.000933333], ['KT', 0.051866667], ['OTN', 0.099333333], ['EL', 0.055866667], ['SH', 0.046733333], ['SPR', 0.0234], ['MUG', 0.0016], ['WKR', 0.038866667], ['MPT', 0.0598], ['PIR', 0.0398], ['HRWG', 0.0026], ['JLW', 0.029133333], ['WGWG', 0.019466667], ['TRP', 0.016266667], ['OPU', 0.001], ['SY', 0.083933333], ['MNR', 0.0384], ['RHP', 0.0206], ['KP', 0.004266667], ['SEL', 0.031666667], ['HRN', 0.029866667], ['KKP', 0.041133333], ['SP', 0.039066667], ['CL', 0.0182], ['ABT', 0.000666667], ['STX', 0.0078], ['AWN', 0.0324], ['MNK', 0.022266667], ['D', 0.0446], ['TRB', 0.043333333], ['O', 0.056133333], ['IRC', 0.0024], ['MGP', 0.017133333], ['LV', 0.0898], ['PRN', 0.005733333], ['ART', 0.028066667], ['HT', 0.011533333], ['RED', 0.021], ['JLB', 0.030533333], ['WKN', 0.038066667], ['OTR', 0.097933333], ['PP', 0.060933333], ['AU', 0.049466667], ['AR', 0.1046], ['TR', 0.0168], ['PKW', 0.070466667], ['OR', 0.0634], ['TK', 0.0112], ['MB', 0.009], ['OT', 0.027066667], ['JLH', 0.0424], ['FRK', 0.0018], ['TIW', 0.072133333], ['TAS', 0.0042], ['MKD', 0.046333333], ['AW', 0.080733333], ['WTT', 0.027733333], ['DCB', 0.053], ['HTM', 0.040866667], ['SKL', 0.0054], ['WKMTA', 0.0456], ['MNT', 0.007066667], ['KAR', 0.024733333], ['PHN', 0.1108], ['MWW', 0.024933333], ['PRS', 0.0414], ['ANI', 0.0204], ['PHE', 0.006666667], ['CS', 0.074733333], ['BSH', 0.008133333], ['MH', 0.046933333], ['AKR', 0.0044], ['MGK', 0.026133333], ['BR', 0.099733333], ['BC', 0.027533333], ['DCP', 0.0436], ['AKNK', 0.067933333], ['MU', 0.0484], ['CMD', 0.0374], ['TH', 0.012133333], ['ARM', 0.024266667], ['OPH', 0.0066], ['K', 0.0656], ['TRK', 0.036133333], ['QLB', 0.001333333], ['TRN', 0.043466667], ['HRMW', 0.005333333], ['MTK', 0.108933333], ['HAL', 0.0298], ['HBMAK', 0.065933333], ['RMW', 0.235533333], ['AKMK', 0.0688], ['GLN', 0.0068], ['MWB', 0.001466667], ['AHR', 0.023466667], ['MSB', 0.073933333], ['ESK', 0.139], ['PH', 0.0464], ['PGH', 0.056866667], ['AKWG', 0.0342], ['MO', 0.021666667], ['LYL', 0.032866667], ['RH', 0.057266667], ['PHP', 0.013266667], ['WKK', 0.032866667], ['CB', 0.0384], ['TKP', 0.040266667], ['HOK', 0.092866667], ['TNK', 0.012]]"
k__Bacteria;p__Proteobacteria;c__Betaproteobacteria;o__Burkholderiales;f__Oxalobacteraceae,"[['KWH', 0.010666667], ['HOR', 0.010666667], ['TKT', 0.008866667], ['RES', 0.004466667], ['WN', 0.004266667], ['KH', 0.000733333], ['WC', 0.075], ['OAK', 0.0306], ['PAW', 0.050666667], ['AG', 0.010066667], ['DRY', 0.2742], ['AKMW', 0.006466667], ['MWF', 0.0208], ['PUH', 0.002933333], ['OHP', 0.0544], ['AKWK', 0.003333333], ['AKOK', 0.003933333], ['WKNK', 0.002666667], ['BOR', 0.0034], ['DC', 0.0046], ['MA', 0.0008], ['HRMAN', 0.0884], ['EM', 0.006], ['HAN', 0.0094], ['TS', 0.0036], ['WP', 0.0338], ['HKH', 0.0018], ['PCK', 0.002133333], ['KAU', 0.017266667], ['WGR', 0.005933333], ['EU', 0.011], ['WS', 0.014533333], ['WGPOR', 0.0026], ['OAG', 0.000666667], ['KN', 0.008133333], ['ML', 0.004666667], ['MRP', 0.002466667], ['MKM', 0.0092], ['WGMAN', 0.0322], ['OTH', 0.002333333], ['CBWK', 0.16], ['DUD', 0.060666667], ['WB', 0.0062], ['WPR', 0.105733333], ['KTN', 0.0058], ['WAI', 0.004066667], ['TSRM', 0.0104], ['PB', 0.007], ['WHB', 0.007533333], ['PAH', 0.019466667], ['WKOKU', 0.008666667], ['RUA', 0.014933333], ['TRU', 0.020733333], ['NKU', 0.0038], ['MWP', 0.0492], ['BAL', 0.028866667], ['RG', 0.086066667], ['OMW', 0.0024], ['HW', 0.003266667], ['MD', 0.001733333], ['OAL', 0.010333333], ['TSH', 0.014666667], ['OB', 0.012466667], ['MTR', 0.0146], ['PU', 0.0142], ['HBMAN', 0.017066667], ['TRC', 0.0098], ['TUK', 0.018133333], ['WMR', 0.059066667], ['KOW', 0.014733333], ['OP', 0.0112], ['WMU', 0.034066667], ['M', 0.003933333], ['VU', 0.003866667], ['MTU', 0.0174], ['ASH', 0.0988], ['TP', 0.062333333], ['EAL', 0.025066667], ['SR', 0.003466667], ['HUT', 0.010066667], ['LU', 0.012933333], ['HER', 0.000933333], ['MKU', 0.0374], ['CH', 0.007733333], ['BOG', 0.042066667], ['HBPOR', 0.003266667], ['AWD', 0.005666667], ['HBMNR', 0.003933333], ['OAM', 0.015066667], ['TIR', 0.006466667], ['KRK', 0.046066667], ['WKWK', 0.003066667], ['LG', 0.0026], ['AKWH', 0.003], ['OMR', 0.100866667], ['ORO', 0.029466667], ['KT', 0.007733333], ['OTN', 0.0026], ['EL', 0.0084], ['SH', 0.0042], ['SPR', 0.0764], ['MUG', 0.025], ['WKR', 0.016666667], ['MPT', 0.001933333], ['PIR', 0.011733333], ['HRWG', 0.0514], ['JLW', 0.0042], ['WGWG', 0.0114], ['TRP', 0.006466667], ['OPU', 0.187333333], ['SY', 0.006266667], ['MNR', 0.0112], ['RHP', 0.038], ['KP', 0.018066667], ['SEL', 0.023866667], ['HRN', 0.053], ['KKP', 0.002133333], ['SP', 0.004], ['CL', 0.097333333], ['ABT', 0.1956], ['STX', 0.081866667], ['AWN', 0.0126], ['MNK', 0.019266667], ['D', 0.005666667], ['TRB', 0.019066667], ['O', 0.0076], ['IRC', 0.089733333], ['MGP', 0.0004], ['LV', 0.011333333], ['PRN', 0.0038], ['ART', 0.0216], ['HT', 0.173266667], ['RED', 0.062266667], ['JLB', 0.004866667], ['WKN', 0.002066667], ['OTR', 0.004933333], ['PP', 0.004466667], ['AU', 0.005733333], ['AR', 0.0086], ['TR', 0.003933333], ['PKW', 0.006533333], ['OR', 0.012266667], ['TK', 0.027733333], ['MB', 0.096066667], ['OT', 0.0014], ['JLH', 0.0156], ['FRK', 0.1182], ['TIW', 0.001066667], ['TAS', 0.009933333], ['MKD', 0.007], ['AW', 0.0006], ['WTT', 0.0116], ['DCB', 0.008866667], ['HTM', 0.010133333], ['SKL', 0.142933333], ['WKMTA', 0.010466667], ['MNT', 0.076], ['KAR', 0.0048], ['PHN', 0.007733333], ['MWW', 0.001066667], ['PRS', 0.026733333], ['ANI', 0.016133333], ['PHE', 0.0088], ['CS', 0.0648], ['BSH', 0.053066667], ['MH', 0.0066], ['AKR', 0.012733333], ['MGK', 0.042666667], ['BR', 0.002733333], ['BC', 0.0632], ['DCP', 0.011733333], ['AKNK', 0.007266667], ['MU', 0.0076], ['CMD', 0.011666667], ['TH', 0.0008], ['ARM', 0.005266667], ['OPH', 0.119], ['K', 0.105066667], ['TRK', 0.004066667], ['QLB', 0.073], ['TRN', 0.001466667], ['HRMW', 0.001266667], ['MTK', 0.057266667], ['HAL', 0.017266667], ['HBMAK', 0.032666667], ['RMW', 0.003666667], ['AKMK', 0.007], ['GLN', 0.043533333], ['MWB', 0.038733333], ['AHR', 0.002933333], ['MSB', 0.004266667], ['ESK', 0.005066667], ['PH', 0.005466667], ['PGH', 0.034333333], ['AKWG', 0.016933333], ['MO', 0.0084], ['LYL', 0.062533333], ['RH', 0.016266667], ['PHP', 0.000866667], ['WKK', 0.0116], ['CB', 0.026733333], ['TKP', 0.014466667], ['HOK', 0.001666667], ['TNK', 0.036266667]]"
k__Fungi;p__Basidiomycota;c__Agaricomycetes;o__Agaricales;f__Clavariaceae;g__Clavulinopsis;s__Clavulinopsis_corallinorosacea|SH488603.07FU,"[['CR90', 65.0], ['DL60', 288.0], ['O151H', 1.0], ['CM51N', 595.0]]"
k__Fungi;p__Basidiomycota;c__Agaricomycetes;o__Agaricales;f__Inocybaceae;g__Inocybe;s__Inocybe_phaeosquarrosa|SH488849.07FU,"[['Q158N', 27.0], ['Q158H', 3.0], ['Q158F', 246.0]]"
k__Fungi;p__Basidiomycota;c__Agaricomycetes;o__Agaricales;f__Cortinariaceae;g__Cortinarius;s__Cortinarius_rosargutus|SH222431.07FU,"[['Q158N', 23.0], ['Q158H', 1.0], ['BH111', 27.0]]"
k__Fungi;p__Ascomycota;c__Leotiomycetes;o__Helotiales;f__Sclerotiniaceae;g__Zoellneria;s__Zoellneria_rosarum|SH182033.07FU,"[['CM51F', 6.0], ['AZ117N', 1.0], ['DL60', 11.0]]"
k__Fungi;p__Basidiomycota;c__Agaricomycetes;o__Agaricales;f__Inocybaceae;g__Inocybe;s__Inocybe_umbrosa|SH032967.07FU,"[['M152', 10.0], ['O151N', 19.0], ['O151H', 3.0]]"
k__Fungi;p__Ascomycota;c__Leotiomycetes;o__Helotiales;f__Helotiaceae;g__Cudoniella;s__Cudoniella_indica|SH206118.07FU,"[['CR90', 1.0], ['DL60', 3.0]]"
k__Fungi;p__Basidiomycota;c__Agaricomycetes;o__Agaricales;f__Strophariaceae;g__Galerina;s__Galerina_indica|SH489917.07FU,"[['O151N', 6.0]]"
k__Fungi;p__Ascomycota;c__Dothideomycetes;o__Botryosphaeriales;f__Botryosphaeriaceae;g__Phyllosticta;s__Phyllosticta_citrichinensis|SH210432.07FU,"[['DL60', 43.0], ['M152', 2.0], ['CY54N', 1.0], ['CM51H', 5.0]]"
